{"cameraMode":{"drawMode":0,"name":"Shaded","section":"Shading Mode"},"sceneLighting":true,"audioPlay":false,"sceneViewState":{"showFog":true,"showMaterialUpdate":false,"showSkybox":true,"showFlares":true,"showImageEffects":true,"showParticleSystems":true},"in2DMode":false,"pivot":{"x":8.466192245483399,"y":2.5865378379821779,"z":-1.5285508632659913},"rotation":{"x":-0.04894924536347389,"y":-0.27906253933906557,"z":0.014240723103284836,"w":-0.9589256644248962},"size":4.658541202545166,"orthographic":false}