{"cameraMode":{"drawMode":0,"name":"Shaded","section":"Shading Mode"},"sceneLighting":false,"audioPlay":false,"sceneViewState":{"showFog":true,"showMaterialUpdate":false,"showSkybox":false,"showFlares":true,"showImageEffects":true,"showParticleSystems":true},"in2DMode":false,"pivot":{"x":-0.05931800603866577,"y":1.1479814052581788,"z":0.00904470682144165},"rotation":{"x":0.015117080882191658,"y":-0.15831923484802247,"z":0.0024152430705726148,"w":0.9872763156890869},"size":6.360836505889893,"orthographic":false}