{"cameraMode":{"drawMode":0,"name":"Shaded","section":"Shading Mode"},"sceneLighting":true,"audioPlay":false,"sceneViewState":{"showFog":true,"showMaterialUpdate":false,"showSkybox":true,"showFlares":true,"showImageEffects":true,"showParticleSystems":true},"in2DMode":false,"pivot":{"x":19.815200805664064,"y":-1.602813482284546,"z":0.06586313247680664},"rotation":{"x":-0.29222002625465395,"y":0.21760253608226777,"z":-0.06846647709608078,"w":-0.9288232326507568},"size":9.56054401397705,"orthographic":false}