{"cameraMode":{"drawMode":0,"name":"Shaded","section":"Shading Mode"},"sceneLighting":true,"audioPlay":false,"sceneViewState":{"showFog":true,"showMaterialUpdate":false,"showSkybox":true,"showFlares":true,"showImageEffects":true,"showParticleSystems":true},"in2DMode":false,"pivot":{"x":14.551374435424805,"y":3.1627724170684816,"z":-12.277891159057618},"rotation":{"x":-0.011557544581592083,"y":-0.8938069343566895,"z":0.02307414449751377,"w":-0.4477386176586151},"size":5.7716498374938969,"orthographic":false}