{"cameraMode":{"drawMode":0,"name":"Shaded","section":"Shading Mode"},"sceneLighting":true,"audioPlay":false,"sceneViewState":{"showFog":true,"showMaterialUpdate":false,"showSkybox":true,"showFlares":true,"showImageEffects":true,"showParticleSystems":true},"in2DMode":false,"pivot":{"x":-0.7382316589355469,"y":-1.3055148124694825,"z":2.0979554653167726},"rotation":{"x":-0.14524446427822114,"y":0.5870705246925354,"z":-0.10772262513637543,"w":-0.7892292141914368},"size":11.39622688293457,"orthographic":false}