{"cameraMode":{"drawMode":0,"name":"Shaded","section":"Shading Mode"},"sceneLighting":true,"audioPlay":false,"sceneViewState":{"showFog":true,"showMaterialUpdate":false,"showSkybox":true,"showFlares":true,"showImageEffects":true,"showParticleSystems":true},"in2DMode":false,"pivot":{"x":13.56229019165039,"y":2.324394464492798,"z":-5.147015571594238},"rotation":{"x":0.02160263992846012,"y":-0.0084237577393651,"z":0.00002270960067107808,"w":-0.9998115301132202},"size":3.7131826877593996,"orthographic":false}