{"cameraMode":{"drawMode":0,"name":"Shaded","section":"Shading Mode"},"sceneLighting":true,"audioPlay":false,"sceneViewState":{"showFog":true,"showMaterialUpdate":false,"showSkybox":true,"showFlares":true,"showImageEffects":true,"showParticleSystems":true},"in2DMode":false,"pivot":{"x":18.35234832763672,"y":5.053195953369141,"z":-19.04573631286621},"rotation":{"x":-0.3049886226654053,"y":-0.529573380947113,"z":0.21176458895206452,"w":-0.7627169489860535},"size":8.543182373046875,"orthographic":false}