{"cameraMode":{"drawMode":0,"name":"Shaded","section":"Shading Mode"},"sceneLighting":false,"audioPlay":false,"sceneViewState":{"showFog":true,"showMaterialUpdate":false,"showSkybox":false,"showFlares":true,"showImageEffects":true,"showParticleSystems":true},"in2DMode":false,"pivot":{"x":1.1920928955078126e-7,"y":1.5,"z":1.1920928955078126e-7},"rotation":{"x":0.12033895403146744,"y":-0.2051241397857666,"z":0.02544691599905491,"w":0.9709962010383606},"size":5.300665378570557,"orthographic":false}