{"cameraMode":{"drawMode":0,"name":"Shaded","section":"Shading Mode"},"sceneLighting":true,"audioPlay":false,"sceneViewState":{"showFog":true,"showMaterialUpdate":false,"showSkybox":true,"showFlares":true,"showImageEffects":true,"showParticleSystems":true},"in2DMode":false,"pivot":{"x":6.146305084228516,"y":-2.1256046295166017,"z":-7.182125091552734},"rotation":{"x":0.3724331259727478,"y":-0.03481884300708771,"z":0.013904688879847527,"w":0.9273322224617004},"size":26.703575134277345,"orthographic":false}