{"cameraMode":{"drawMode":0,"name":"Shaded","section":"Shading Mode"},"sceneLighting":true,"audioPlay":false,"sceneViewState":{"showFog":true,"showMaterialUpdate":false,"showSkybox":true,"showFlares":true,"showImageEffects":true,"showParticleSystems":true},"in2DMode":false,"pivot":{"x":18.244333267211915,"y":1.3367657661437989,"z":8.009743690490723},"rotation":{"x":0.12251598387956619,"y":-0.05296960473060608,"z":0.006548120640218258,"w":0.9910355806350708},"size":2.5332581996917726,"orthographic":false}