{"cameraMode":{"drawMode":0,"name":"Shaded","section":"Shading Mode"},"sceneLighting":true,"audioPlay":false,"sceneViewState":{"showFog":true,"showMaterialUpdate":false,"showSkybox":true,"showFlares":true,"showImageEffects":true,"showParticleSystems":true},"in2DMode":false,"pivot":{"x":7.993536949157715,"y":6.423580169677734,"z":-27.28919792175293},"rotation":{"x":0.07836833596229553,"y":-0.10981354862451554,"z":0.008445145562291146,"w":0.9908865094184876},"size":15.711801528930664,"orthographic":false}