{"cameraMode":{"drawMode":0,"name":"Shaded","section":"Shading Mode"},"sceneLighting":true,"audioPlay":false,"sceneViewState":{"showFog":true,"showMaterialUpdate":false,"showSkybox":true,"showFlares":true,"showImageEffects":true,"showParticleSystems":true},"in2DMode":false,"pivot":{"x":4.871122360229492,"y":1.1724505424499512,"z":-10.645628929138184},"rotation":{"x":0.07113946974277497,"y":-0.8302271366119385,"z":0.10896527022123337,"w":0.5420390963554382},"size":11.020278930664063,"orthographic":false}