{"cameraMode":{"drawMode":0,"name":"Shaded","section":"Shading Mode"},"sceneLighting":true,"audioPlay":false,"sceneViewState":{"showFog":true,"showMaterialUpdate":false,"showSkybox":true,"showFlares":true,"showImageEffects":true,"showParticleSystems":true},"in2DMode":false,"pivot":{"x":22.860107421875,"y":-0.5725498199462891,"z":-17.914323806762697},"rotation":{"x":0.2098069041967392,"y":0.3968394994735718,"z":-0.09383854269981384,"w":0.8886971473693848},"size":16.2397403717041,"orthographic":false}