{"cameraMode":{"drawMode":0,"name":"Shaded","section":"Shading Mode"},"sceneLighting":true,"audioPlay":false,"sceneViewState":{"showFog":true,"showMaterialUpdate":false,"showSkybox":true,"showFlares":true,"showImageEffects":true,"showParticleSystems":true},"in2DMode":false,"pivot":{"x":723.0001831054688,"y":565.6566772460938,"z":1.19873046875},"rotation":{"x":0.010809049941599369,"y":-0.007504498120397329,"z":0.00008101332787191495,"w":0.9999148845672607},"size":1102.57470703125,"orthographic":false}