{"cameraMode":{"drawMode":0,"name":"Shaded","section":"Shading Mode"},"sceneLighting":true,"audioPlay":false,"sceneViewState":{"showFog":true,"showMaterialUpdate":false,"showSkybox":true,"showFlares":true,"showImageEffects":true,"showParticleSystems":true},"in2DMode":false,"pivot":{"x":8.995866775512696,"y":2.298933982849121,"z":-6.248295783996582},"rotation":{"x":0.08495058864355087,"y":0.8699437975883484,"z":-0.16127969324588777,"w":0.4582240879535675},"size":26.433013916015626,"orthographic":false}