{"cameraMode":{"drawMode":0,"name":"Shaded","section":"Shading Mode"},"sceneLighting":true,"audioPlay":false,"sceneViewState":{"showFog":true,"showMaterialUpdate":false,"showSkybox":true,"showFlares":true,"showImageEffects":true,"showParticleSystems":true},"in2DMode":false,"pivot":{"x":-12.22640609741211,"y":-3.6647324562072756,"z":-48.0884895324707},"rotation":{"x":0.08978467434644699,"y":-0.8105381727218628,"z":0.1289832592010498,"w":0.5642203092575073},"size":21.045246124267579,"orthographic":false}