{"cameraMode":{"drawMode":0,"name":"Shaded","section":"Shading Mode"},"sceneLighting":true,"audioPlay":false,"sceneViewState":{"showFog":true,"showMaterialUpdate":false,"showSkybox":true,"showFlares":true,"showImageEffects":true,"showParticleSystems":true},"in2DMode":false,"pivot":{"x":7.70596981048584,"y":1.54185950756073,"z":-17.677349090576173},"rotation":{"x":-0.043859682977199557,"y":0.9544835686683655,"z":-0.23540957272052766,"w":-0.17783039808273316},"size":3.523435592651367,"orthographic":false}