{"cameraMode":{"drawMode":0,"name":"Shaded","section":"Shading Mode"},"sceneLighting":true,"audioPlay":false,"sceneViewState":{"showFog":true,"showMaterialUpdate":false,"showSkybox":true,"showFlares":true,"showImageEffects":true,"showParticleSystems":true},"in2DMode":false,"pivot":{"x":-9.871689796447754,"y":1.7610979080200196,"z":-49.99305725097656},"rotation":{"x":0.03475811332464218,"y":-0.9511210322380066,"z":0.11643144488334656,"w":0.2839377522468567},"size":5.256018161773682,"orthographic":false}