{"cameraMode":{"drawMode":0,"name":"Shaded","section":"Shading Mode"},"sceneLighting":true,"audioPlay":false,"sceneViewState":{"showFog":true,"showMaterialUpdate":false,"showSkybox":true,"showFlares":true,"showImageEffects":true,"showParticleSystems":true},"in2DMode":false,"pivot":{"x":-13.505173683166504,"y":2.3558619022369386,"z":-46.38829040527344},"rotation":{"x":0.020829226821660997,"y":-0.8473450541496277,"z":0.03332505375146866,"w":0.5296000838279724},"size":3.3429019451141359,"orthographic":false}